feature,count,mean,std,min,25%,50%,75%,max
tBodyAcc-mean()-X,10299.0,0.27434726064606274,0.06762779627849427,-1.0,0.262624795,0.27717388,0.28835422499999996,1.0
tBodyAcc-mean()-Y,10299.0,-0.017743491845897182,0.03712816638274347,-1.0,-0.024902478999999998,-0.017161624,-0.01062456,1.0
tBodyAcc-mean()-Z,10299.0,-0.1089250327370638,0.053033085993559714,-1.0,-0.12101888,-0.10859642,-0.09758934650000001,1.0
tBodyAcc-std()-X,10299.0,-0.607783818968688,0.4386938313391944,-1.0,-0.99236049,-0.94303003,-0.25029286,1.0
tBodyAcc-std()-Y,10299.0,-0.510191378479501,0.5002397668830524,-1.0,-0.97699023,-0.83503193,-0.0573355655,1.0
tBodyAcc-std()-Z,10299.0,-0.6130642993412496,0.4036565846518579,-1.0,-0.97913693,-0.85077295,-0.27873736000000005,1.0
tBodyAcc-mad()-X,10299.0,-0.6335926109074289,0.4133330183383021,-1.0,-0.99329322,-0.94824379,-0.302032505,1.0
tBodyAcc-mad()-Y,10299.0,-0.5256965390018843,0.4842006477356233,-1.0,-0.977016595,-0.84367027,-0.0874045255,1.0
tBodyAcc-mad()-Z,10299.0,-0.6149889097836501,0.39903405824550947,-1.0,-0.97906379,-0.84506834,-0.28814902499999995,1.0
tBodyAcc-max()-X,10299.0,-0.46673237052326916,0.5387067879371366,-1.0,-0.93578844,-0.87482457,-0.014640628499999999,1.0
tBodyAcc-max()-Y,10299.0,-0.30518046254641135,0.27992027564510613,-1.0,-0.5625699,-0.46820609,-0.067344644,1.0
tBodyAcc-max()-Z,10299.0,-0.5622296198504069,0.28299052834568417,-1.0,-0.81219431,-0.72450292,-0.34559148,1.0
tBodyAcc-min()-X,10299.0,0.5253041725110953,0.35658895383491,-1.0,0.212529515,0.78423289,0.843792915,1.0
tBodyAcc-min()-Y,10299.0,0.38953658732151314,0.3388440701018533,-1.0,0.11390043999999999,0.61977448,0.6851936000000001,1.0
tBodyAcc-min()-Z,10299.0,0.5980219233539489,0.2906146545279677,-1.0,0.3927173,0.77222647,0.83674154,1.0
tBodyAcc-sma(),10299.0,-0.5520871156488927,0.46137461048933276,-1.0,-0.981706265,-0.87694688,-0.12282944500000001,1.0
tBodyAcc-energy()-X,10299.0,-0.8254596703962522,0.24705181837254625,-1.0,-0.999929455,-0.99773565,-0.7157447400000001,1.0
tBodyAcc-energy()-Y,10299.0,-0.9027042823278376,0.12598784956800332,-1.0,-0.9997714950000001,-0.99290887,-0.825149225,1.0
tBodyAcc-energy()-Z,10299.0,-0.8546617592229732,0.2059975022744849,-1.0,-0.999413695,-0.98424007,-0.7594725099999999,1.0
tBodyAcc-iqr()-X,10299.0,-0.689161821371472,0.3592089552756794,-1.0,-0.994185095,-0.95599855,-0.40790183,1.0
tBodyAcc-iqr()-Y,10299.0,-0.6435117686235828,0.3688646268678817,-1.0,-0.9813266350000001,-0.88494677,-0.32465304500000003,1.0
tBodyAcc-iqr()-Z,10299.0,-0.6406858154829277,0.372065441972237,-1.0,-0.978487785,-0.85377568,-0.33639251000000003,1.0
tBodyAcc-entropy()-X,10299.0,-0.10033184880813381,0.4623154920157962,-1.0,-0.56383402,-0.057117006,0.32958674,1.0
tBodyAcc-entropy()-Y,10299.0,-0.12876512293770076,0.4336872571530518,-1.0,-0.54961143,-0.10174142,0.283141325,1.0
tBodyAcc-entropy()-Z,10299.0,-0.15786339414163592,0.3681016978460643,-1.0,-0.49682496,-0.13637995,0.16735192999999998,1.0
"tBodyAcc-arCoeff()-X,1",10299.0,-0.11895433367772898,0.30772148256937015,-1.0,-0.36855505499999996,-0.1362064,0.13324529499999999,1.0
"tBodyAcc-arCoeff()-X,2",10299.0,0.10857370626189525,0.24713981835467913,-1.0,-0.07901749050000001,0.077528634,0.28606837500000004,1.0
"tBodyAcc-arCoeff()-X,3",10299.0,-0.035699416921329934,0.24782017417327992,-1.0,-0.18994876500000002,-0.017643952,0.13331653999999998,1.0
"tBodyAcc-arCoeff()-X,4",10299.0,0.12200019284254605,0.23204406714296477,-1.0,-0.0338599015,0.12627915,0.277675655,1.0
"tBodyAcc-arCoeff()-Y,1",10299.0,-0.02967650353718798,0.2544611721087672,-1.0,-0.22197136,-0.045486476,0.16328157999999998,1.0
"tBodyAcc-arCoeff()-Y,2",10299.0,0.03172377421723887,0.21370764449118432,-1.0,-0.129049755,0.017653777,0.18084994,1.0
"tBodyAcc-arCoeff()-Y,3",10299.0,0.15514750842419917,0.20871848246181515,-1.0,0.0289547395,0.16066055,0.28816314,1.0
"tBodyAcc-arCoeff()-Y,4",10299.0,-0.01807679208787222,0.22025683499871956,-1.0,-0.16567787,-0.018927174,0.13118997,1.0
"tBodyAcc-arCoeff()-Z,1",10299.0,0.006110339647543939,0.2817218438674168,-1.0,-0.20648467999999998,0.020697895,0.223529845,1.0
"tBodyAcc-arCoeff()-Z,2",10299.0,0.03772915408413948,0.21545602885033066,-1.0,-0.118063905,0.0099449682,0.1795907,1.0
"tBodyAcc-arCoeff()-Z,3",10299.0,0.034423733821314015,0.23685425506666916,-1.0,-0.11077049,0.045355362,0.1942897,1.0
"tBodyAcc-arCoeff()-Z,4",10299.0,-0.08266920445426518,0.2309574616268277,-1.0,-0.23953511,-0.083301422,0.074747597,1.0
"tBodyAcc-correlation()-X,Y",10299.0,-0.12030856949785669,0.35767693448924814,-1.0,-0.3616685,-0.16116717,0.0801483955,1.0
"tBodyAcc-correlation()-X,Z",10299.0,-0.19774621582879015,0.32510325380975474,-1.0,-0.408797745,-0.19175843,0.00249138445,1.0
"tBodyAcc-correlation()-Y,Z",10299.0,0.1021988640720336,0.3760487455050921,-1.0,-0.140908605,0.13557152,0.372200225,1.0
tGravityAcc-mean()-X,10299.0,0.6692262223730459,0.5154857803087409,-1.0,0.81173988,0.92179307,0.954666705,1.0
tGravityAcc-mean()-Y,10299.0,0.004038790920605176,0.3789092154213561,-1.0,-0.24294326500000002,-0.14355124,0.118904575,1.0
tGravityAcc-mean()-Z,10299.0,0.09215086002110594,0.3342701687046414,-1.0,-0.116714505,0.03680105,0.216205875,1.0
tGravityAcc-std()-X,10299.0,-0.9652071150394214,0.07771479604801086,-1.0,-0.994945455,-0.98185253,-0.9615345049999999,1.0
tGravityAcc-std()-Y,10299.0,-0.9544080266531801,0.08528662053848345,-1.0,-0.99129917,-0.97587663,-0.9464292599999999,1.0
tGravityAcc-std()-Z,10299.0,-0.9389009694240219,0.10155484765751453,-1.0,-0.986581485,-0.96654446,-0.929570375,1.0
tGravityAcc-mad()-X,10299.0,-0.9660175475933586,0.07619840749733944,-1.0,-0.9949980700000001,-0.9826169,-0.962754595,1.0
tGravityAcc-mad()-Y,10299.0,-0.9553611844639384,0.08423377599050934,-1.0,-0.991524845,-0.97664519,-0.947766375,1.0
tGravityAcc-mad()-Z,10299.0,-0.9402062773127489,0.10052137757615814,-1.0,-0.98688285,-0.96757132,-0.93150231,1.0
tGravityAcc-max()-X,10299.0,0.6090582025758909,0.5090032753352558,-1.0,0.75559723,0.8590353,0.88784553,1.0
tGravityAcc-max()-Y,10299.0,-0.010321684223344597,0.3666834886446742,-1.0,-0.249558955,-0.15094296,0.117878205,1.0
tGravityAcc-max()-Z,10299.0,0.09673933051996644,0.32961106914437227,-1.0,-0.11160978999999999,0.043028191,0.21679574,1.0
tGravityAcc-min()-X,10299.0,0.6837620464631032,0.5070515538768995,-1.0,0.81663407,0.92875175,0.966557455,1.0
tGravityAcc-min()-Y,10299.0,0.016607863441851247,0.37640436672838273,-1.0,-0.22964373,-0.12835127,0.12899106999999999,1.0
tGravityAcc-min()-Z,10299.0,0.07934927189747064,0.33673141019289915,-1.0,-0.132571625,0.022199231,0.19979536,1.0
tGravityAcc-sma(),10299.0,-0.09858708196005835,0.3919445768509297,-1.0,-0.40927634,-0.13126201,0.18839182,1.0
tGravityAcc-energy()-X,10299.0,0.44620672773354697,0.6964546113742458,-1.0,0.5209274349999999,0.79123525,0.87656702,1.0
tGravityAcc-energy()-Y,10299.0,-0.7214699085396942,0.45440866828257176,-1.0,-0.968013335,-0.90982968,-0.766759215,1.0
tGravityAcc-energy()-Z,10299.0,-0.7636092327497425,0.4240816961169682,-1.0,-0.9911014,-0.95084767,-0.78722808,1.0
tGravityAcc-iqr()-X,10299.0,-0.968239871201476,0.07178599441764862,-1.0,-0.99516078,-0.98462749,-0.965617285,1.0
tGravityAcc-iqr()-Y,10299.0,-0.9585928160131081,0.08068925688190215,-1.0,-0.992449695,-0.97946636,-0.95211208,1.0
tGravityAcc-iqr()-Z,10299.0,-0.9447759408408583,0.09604958940312458,-1.0,-0.98806533,-0.97124363,-0.938425055,1.0
tGravityAcc-entropy()-X,10299.0,-0.6747689513480292,0.3610482910898654,-1.0,-1.0,-0.76314546,-0.399608905,1.0
tGravityAcc-entropy()-Y,10299.0,-0.8667043925052278,0.28143100893470685,-1.0,-1.0,-1.0,-0.85107942,1.0
tGravityAcc-entropy()-Z,10299.0,-0.6691002433015268,0.3931548124728455,-1.0,-1.0,-0.78078356,-0.400765415,1.0
"tGravityAcc-arCoeff()-X,1",10299.0,-0.5044016519365939,0.21646955747295252,-1.0,-0.65124555,-0.51017254,-0.366706405,1.0
"tGravityAcc-arCoeff()-X,2",10299.0,0.5428865499055161,0.20979116415503968,-1.0,0.404755315,0.55522184,0.69326636,1.0
"tGravityAcc-arCoeff()-X,3",10299.0,-0.5806744586079386,0.20789553986164702,-1.0,-0.739128515,-0.59738429,-0.44025790499999995,1.0
"tGravityAcc-arCoeff()-X,4",10299.0,0.6178181937757287,0.2107345917391108,-1.0,0.47109949500000003,0.64237203,0.7845520100000001,1.0
"tGravityAcc-arCoeff()-Y,1",10299.0,-0.34361830144870664,0.2932874533455926,-1.0,-0.546067335,-0.3418082,-0.143449235,1.0
"tGravityAcc-arCoeff()-Y,2",10299.0,0.33018350263949797,0.2990261684085687,-1.0,0.127784265,0.32892156,0.5352490400000001,1.0
"tGravityAcc-arCoeff()-Y,3",10299.0,-0.36074498457230797,0.29119153814650933,-1.0,-0.5583738549999999,-0.3658633,-0.17262553,1.0
"tGravityAcc-arCoeff()-Y,4",10299.0,0.40887543529320125,0.2825667492505491,-1.0,0.230056985,0.42433139,0.60478063,1.0
"tGravityAcc-arCoeff()-Z,1",10299.0,-0.42808291230747453,0.2682604372153811,-1.0,-0.61995364,-0.42606879,-0.24867066,1.0
"tGravityAcc-arCoeff()-Z,2",10299.0,0.45336725151428586,0.2594142677065555,-1.0,0.27919820500000003,0.45011252,0.64221334,1.0
"tGravityAcc-arCoeff()-Z,3",10299.0,-0.478049652346497,0.25337848973177973,-1.0,-0.66337874,-0.47867045,-0.30675364,1.0
"tGravityAcc-arCoeff()-Z,4",10299.0,0.49948980979711427,0.24991345491304923,-1.0,0.33060200500000003,0.50524023,0.68386578,1.0
"tGravityAcc-correlation()-X,Y",10299.0,0.1756827444659802,0.6963266762778639,-1.0,-0.49016953500000005,0.36094327,0.8381025200000001,1.0
"tGravityAcc-correlation()-X,Z",10299.0,-0.10828777546379455,0.7039406699507176,-1.0,-0.80602308,-0.21741715,0.5912098050000001,1.0
"tGravityAcc-correlation()-Y,Z",10299.0,0.08484884159880378,0.7011592479723981,-1.0,-0.60900142,0.17537192,0.775993305,1.0
tBodyAccJerk-mean()-X,10299.0,0.07893812203558162,0.17611245714158325,-1.0,0.06298048149999999,0.075974845,0.091309116,1.0
tBodyAccJerk-mean()-Y,10299.0,0.007948106909002498,0.16451838762488205,-1.0,-0.018554996,0.010752703,0.0335382865,1.0
tBodyAccJerk-mean()-Z,10299.0,-0.0046746982362866575,0.15597898568795746,-1.0,-0.031552373499999994,-0.0011592989,0.024577968999999998,1.0
tBodyAccJerk-std()-X,10299.0,-0.6397810207341296,0.4087118164475015,-1.0,-0.9912719249999999,-0.95130285,-0.29120268,1.0
tBodyAccJerk-std()-Y,10299.0,-0.6079715993408316,0.4328844611140098,-1.0,-0.9850068750000001,-0.92504404,-0.22177298499999998,1.0
tBodyAccJerk-std()-Z,10299.0,-0.7628202404492018,0.27790138884156357,-1.0,-0.989195665,-0.95427861,-0.54848816,1.0
tBodyAccJerk-mad()-X,10299.0,-0.6368518323340407,0.4136038997531977,-1.0,-0.991289775,-0.95778821,-0.28028580000000003,1.0
tBodyAccJerk-mad()-Y,10299.0,-0.5940464366740036,0.44613473981224877,-1.0,-0.983308745,-0.926473,-0.189151865,1.0
tBodyAccJerk-mad()-Z,10299.0,-0.7565117055048957,0.28363223030518353,-1.0,-0.987964075,-0.95478169,-0.53573016,1.0
tBodyAccJerk-max()-X,10299.0,-0.6996257273653975,0.3598684030412659,-1.0,-0.991605595,-0.94467653,-0.46081568,1.0
tBodyAccJerk-max()-Y,10299.0,-0.7478335954695825,0.2936693449056029,-1.0,-0.990052285,-0.94111263,-0.535105515,1.0
tBodyAccJerk-max()-Z,10299.0,-0.8187223178369356,0.22399315270408435,-1.0,-0.98984542,-0.95635748,-0.68296071,1.0
tBodyAccJerk-min()-X,10299.0,0.6160343938908457,0.435520561878772,-1.0,0.25307974,0.9377196,0.98962649,1.0
tBodyAccJerk-min()-Y,10299.0,0.6848701594570755,0.35903882891691247,-1.0,0.40173598,0.93111294,0.9886138099999999,1.0
tBodyAccJerk-min()-Z,10299.0,0.7395882417087833,0.3064615941972937,-1.0,0.528700905,0.94038059,0.9866581999999999,1.0
tBodyAccJerk-sma(),10299.0,-0.6469912758379396,0.3927093992890696,-1.0,-0.9897607900000001,-0.9477853,-0.29087379,1.0
tBodyAccJerk-energy()-X,10299.0,-0.850337515970628,0.2147809374969116,-1.0,-0.999902405,-0.99848979,-0.74596439,1.0
tBodyAccJerk-energy()-Y,10299.0,-0.8272543618550152,0.2430411278006841,-1.0,-0.99974368,-0.99646315,-0.692420875,1.0
tBodyAccJerk-energy()-Z,10299.0,-0.9307102031901727,0.11793219631604597,-1.0,-0.999782265,-0.99826658,-0.892831335,1.0
tBodyAccJerk-iqr()-X,10299.0,-0.6274897072253687,0.4296266900129617,-1.0,-0.9898630850000001,-0.96344994,-0.265698455,1.0
tBodyAccJerk-iqr()-Y,10299.0,-0.6598328556785135,0.3750570696299548,-1.0,-0.98364481,-0.94341986,-0.32948095499999996,1.0
tBodyAccJerk-iqr()-Z,10299.0,-0.7708337568774268,0.26629377873855253,-1.0,-0.986316215,-0.95830968,-0.57569299,1.0
tBodyAccJerk-entropy()-X,10299.0,-0.08260693591826584,0.6526654662259718,-1.0,-0.7297566,-0.33769649,0.5994448,1.0
tBodyAccJerk-entropy()-Y,10299.0,-0.08788252413794544,0.6321200567529867,-1.0,-0.72626592,-0.28416062,0.56779408,1.0
tBodyAccJerk-entropy()-Z,10299.0,-0.12733054454823187,0.6074604598024207,-1.0,-0.72109451,-0.39352432,0.49406316,1.0
"tBodyAccJerk-arCoeff()-X,1",10299.0,-0.1085728632678432,0.30357977035989575,-1.0,-0.35982176,-0.11593372,0.14425198,1.0
"tBodyAccJerk-arCoeff()-X,2",10299.0,0.1696590309815253,0.19241962546143807,-1.0,0.0488886335,0.1728909,0.29158976999999997,1.0
"tBodyAccJerk-arCoeff()-X,3",10299.0,0.06760443973610478,0.24145294045135968,-1.0,-0.0877961865,0.077244815,0.234257625,1.0
"tBodyAccJerk-arCoeff()-X,4",10299.0,0.12646782804741769,0.1959630550051213,-1.0,-0.00360064,0.13477066,0.26355922499999995,1.0
"tBodyAccJerk-arCoeff()-Y,1",10299.0,-0.07271780620144577,0.2681783181086276,-1.0,-0.27655764,-0.085782845,0.139922855,1.0
"tBodyAccJerk-arCoeff()-Y,2",10299.0,0.06869447417499136,0.21785817491709406,-1.0,-0.0650206055,0.066983384,0.20732393500000001,1.0
"tBodyAccJerk-arCoeff()-Y,3",10299.0,0.17452785989312727,0.23778665073157754,-1.0,0.022524205,0.18645641,0.339258565,1.0
"tBodyAccJerk-arCoeff()-Y,4",10299.0,0.31431581622430044,0.2025390584184904,-1.0,0.185230925,0.31854615,0.452056525,1.0
"tBodyAccJerk-arCoeff()-Z,1",10299.0,-0.03269172413502855,0.2717745951780896,-1.0,-0.237402745,-0.013461974,0.18012964,1.0
"tBodyAccJerk-arCoeff()-Z,2",10299.0,0.08868428498229246,0.19658176934221194,-1.0,-0.035613015,0.087415187,0.21251094999999998,1.0
"tBodyAccJerk-arCoeff()-Z,3",10299.0,-0.0010386868834405477,0.22418407544033797,-1.0,-0.143298735,0.013299483,0.158160835,1.0
"tBodyAccJerk-arCoeff()-Z,4",10299.0,0.13847114871739624,0.23958944177360197,-1.0,-0.015513754000000001,0.15024341,0.30011775500000004,1.0
"tBodyAccJerk-correlation()-X,Y",10299.0,-0.1381229928055287,0.25766898437924407,-1.0,-0.30988501,-0.13898292,0.028736721,1.0
"tBodyAccJerk-correlation()-X,Z",10299.0,0.0030253043989315435,0.2930811465123128,-1.0,-0.198658395,0.013306914,0.206962115,1.0
"tBodyAccJerk-correlation()-Y,Z",10299.0,0.08031712812901554,0.27720328179345904,-1.0,-0.102465835,0.076106276,0.263355605,1.0
tBodyGyro-mean()-X,10299.0,-0.030982487171343567,0.18318608628864702,-1.0,-0.045787107,-0.027762646,-0.010576503,1.0
tBodyGyro-mean()-Y,10299.0,-0.07471948559943586,0.13431713229944853,-1.0,-0.10399034,-0.074767602,-0.0510963965,1.0
tBodyGyro-mean()-Z,10299.0,0.08835730422717299,0.13487525632488312,-1.0,0.0648460705,0.086261317,0.11043857,1.0
tBodyGyro-std()-X,10299.0,-0.7211925980297893,0.30102707267610657,-1.0,-0.987190665,-0.90159356,-0.48222822,1.0
tBodyGyro-std()-Y,10299.0,-0.6826535068999418,0.356884535690522,-1.0,-0.98189823,-0.9105644,-0.44608838,1.0
tBodyGyro-std()-Z,10299.0,-0.6536656743721876,0.3726060804079075,-1.0,-0.985008215,-0.88192059,-0.33789777,1.0
tBodyGyro-mad()-X,10299.0,-0.7264848368485387,0.2976450336070443,-1.0,-0.98805588,-0.90759233,-0.49179603,1.0
tBodyGyro-mad()-Y,10299.0,-0.6945341100963036,0.3444069995972973,-1.0,-0.9829949149999999,-0.91940821,-0.464025805,1.0
tBodyGyro-mad()-Z,10299.0,-0.6672097481077638,0.36179346283317504,-1.0,-0.985913765,-0.88870328,-0.36348106,1.0
tBodyGyro-max()-X,10299.0,-0.6454852744965802,0.27642978446098615,-1.0,-0.87782815,-0.79476199,-0.43674256499999997,1.0
tBodyGyro-max()-Y,10299.0,-0.7379773121897293,0.26615147244787574,-1.0,-0.9473207050000001,-0.89006192,-0.5797709,1.0
tBodyGyro-max()-Z,10299.0,-0.48418869311512375,0.30312628325626917,-1.0,-0.7494388599999999,-0.64508833,-0.25661985499999995,1.0
tBodyGyro-min()-X,10299.0,0.6322636590955725,0.2511949724970144,-1.0,0.46281092,0.77062897,0.83801443,1.0
tBodyGyro-min()-Y,10299.0,0.7342580666621517,0.21160752334265612,-1.0,0.60356881,0.85276561,0.9058407049999999,1.0
tBodyGyro-min()-Z,10299.0,0.5592477782131682,0.3079425626262759,-1.0,0.32291552,0.74182184,0.82274418,1.0
tBodyGyro-sma(),10299.0,-0.6027486731255586,0.4021057894421661,-1.0,-0.9785275250000001,-0.82040882,-0.239310495,1.0
tBodyGyro-energy()-X,10299.0,-0.9016369570623264,0.14269268611033056,-1.0,-0.9998758,-0.99028636,-0.836839825,1.0
tBodyGyro-energy()-Y,10299.0,-0.8842354501884551,0.19026577600403458,-1.0,-0.999743915,-0.99246076,-0.84172706,1.0
tBodyGyro-energy()-Z,10299.0,-0.8729843682424216,0.19019956684605938,-1.0,-0.999749735,-0.98101086,-0.788184545,1.0
tBodyGyro-iqr()-X,10299.0,-0.729225040963895,0.30220092536193993,-1.0,-0.9896648349999999,-0.91867982,-0.500896945,1.0
tBodyGyro-iqr()-Y,10299.0,-0.7172026606986539,0.32527601657914296,-1.0,-0.9855852650000001,-0.93248475,-0.50585605,1.0
tBodyGyro-iqr()-Z,10299.0,-0.7202394793007885,0.31630880441531184,-1.0,-0.98908788,-0.9073315,-0.47454273999999996,1.0
tBodyGyro-entropy()-X,10299.0,-0.14491660080516308,0.4545117810805643,-1.0,-0.50812009,-0.17584412,0.18898616499999998,1.0
tBodyGyro-entropy()-Y,10299.0,-0.09924859378609312,0.3705117636041764,-1.0,-0.354711775,-0.064246633,0.178955055,1.0
tBodyGyro-entropy()-Z,10299.0,-0.06325428953917663,0.45604867467757765,-1.0,-0.464702565,0.032855013,0.308896,1.0
"tBodyGyro-arCoeff()-X,1",10299.0,-0.22286186734897465,0.2764960910503767,-1.0,-0.424568835,-0.24352123,-0.02796272,1.0
"tBodyGyro-arCoeff()-X,2",10299.0,0.14773919826739323,0.22700403073635061,-1.0,-0.018522088,0.14145716,0.30224237,1.0
"tBodyGyro-arCoeff()-X,3",10299.0,0.1284971505201946,0.22932974143931464,-1.0,-0.0147313055,0.14269684,0.282473675,1.0
"tBodyGyro-arCoeff()-X,4",10299.0,-0.08030581867369783,0.2408018773632413,-1.0,-0.24372612,-0.078041594,0.0806064415,1.0
"tBodyGyro-arCoeff()-Y,1",10299.0,-0.20478615764430935,0.20865020585549357,-1.0,-0.34866765,-0.21033899,-0.064484563,1.0
"tBodyGyro-arCoeff()-Y,2",10299.0,0.1696784042446051,0.19165871504096668,-1.0,0.0365221125,0.16459533,0.29933012000000003,1.0
"tBodyGyro-arCoeff()-Y,3",10299.0,-0.04246134269906768,0.22843308011018362,-1.0,-0.18877644,-0.03930296,0.11158301500000001,1.0
"tBodyGyro-arCoeff()-Y,4",10299.0,0.14169829754286795,0.21728760812404455,-1.0,0.0005374382750000001,0.14471642,0.29007006999999996,1.0
"tBodyGyro-arCoeff()-Z,1",10299.0,-0.08509850317211604,0.3128051424701089,-1.0,-0.33545073999999997,-0.10245699,0.162610425,1.0
"tBodyGyro-arCoeff()-Z,2",10299.0,0.06673018609274638,0.2822668201456492,-1.0,-0.16668116,0.064190273,0.290448635,1.0
"tBodyGyro-arCoeff()-Z,3",10299.0,-0.007923752493145841,0.2676745314958157,-1.0,-0.195456395,0.011390932,0.187483085,1.0
"tBodyGyro-arCoeff()-Z,4",10299.0,0.14641913122067918,0.258314094052369,-1.0,-0.0318899125,0.14714662,0.321565235,1.0
"tBodyGyro-correlation()-X,Y",10299.0,-0.16933566334686814,0.3821951778702009,-1.0,-0.443856275,-0.17932302,0.085847641,1.0
"tBodyGyro-correlation()-X,Z",10299.0,0.01434617207084455,0.38647810652248693,-1.0,-0.239278055,-0.0080255235,0.25951717,1.0
"tBodyGyro-correlation()-Y,Z",10299.0,-0.10569303596799544,0.4176060099208072,-1.0,-0.411379375,-0.09385116,0.188571895,1.0
tBodyGyroJerk-mean()-X,10299.0,-0.09670927547296825,0.12813495819028833,-1.0,-0.117232615,-0.09824338,-0.079304,1.0
tBodyGyroJerk-mean()-Y,10299.0,-0.04231810797826323,0.11440917556358524,-1.0,-0.0586814845,-0.040556805,-0.025210938000000002,1.0
tBodyGyroJerk-mean()-Z,10299.0,-0.05483034979683737,0.12889560784934026,-1.0,-0.0793580545,-0.054554317,-0.0316826445,1.0
tBodyGyroJerk-std()-X,10299.0,-0.7313485331319352,0.3038158989026294,-1.0,-0.99072564,-0.93480864,-0.48653805,1.0
tBodyGyroJerk-std()-Y,10299.0,-0.7860623203218953,0.2727156807919523,-1.0,-0.992234135,-0.95478851,-0.62679006,1.0
tBodyGyroJerk-std()-Z,10299.0,-0.7399323952221293,0.3019941768944375,-1.0,-0.992567455,-0.95031422,-0.50971305,1.0
tBodyGyroJerk-mad()-X,10299.0,-0.7300026641534945,0.3065597959844821,-1.0,-0.990934245,-0.94267766,-0.477884925,1.0
tBodyGyroJerk-mad()-Y,10299.0,-0.7965785187313545,0.25772562348246436,-1.0,-0.9927156399999999,-0.96225913,-0.640001925,1.0
tBodyGyroJerk-mad()-Z,10299.0,-0.7466370069961259,0.2929273357110682,-1.0,-0.9928301,-0.95792889,-0.513304965,1.0
tBodyGyroJerk-max()-X,10299.0,-0.7472654276898437,0.2909490572412489,-1.0,-0.99035983,-0.9265597,-0.53729584,1.0
tBodyGyroJerk-max()-Y,10299.0,-0.8099083259630607,0.2532739610935591,-1.0,-0.992839415,-0.95273659,-0.686210275,1.0
tBodyGyroJerk-max()-Z,10299.0,-0.7426891513049141,0.3058558502840755,-1.0,-0.99086449,-0.93743501,-0.531748805,1.0
tBodyGyroJerk-min()-X,10299.0,0.7605916177456316,0.279510466890763,-1.0,0.56582438,0.93172118,0.990570485,1.0
tBodyGyroJerk-min()-Y,10299.0,0.8302754926187396,0.22797162614281113,-1.0,0.72093469,0.95855941,0.993699925,1.0
tBodyGyroJerk-min()-Z,10299.0,0.7994247792078357,0.2478870326785169,-1.0,0.64387708,0.95565462,0.9938002800000001,1.0
tBodyGyroJerk-sma(),10299.0,-0.766813796605217,0.2692577034780793,-1.0,-0.9926019500000001,-0.95734709,-0.55438281,1.0
tBodyGyroJerk-energy()-X,10299.0,-0.9169343488942228,0.13300855696558112,-1.0,-0.99991958,-0.99761853,-0.8665387600000001,1.0
tBodyGyroJerk-energy()-Y,10299.0,-0.9395451158883775,0.13213971452088094,-1.0,-0.99995057,-0.99886921,-0.9296066000000001,1.0
tBodyGyroJerk-energy()-Z,10299.0,-0.9195018775659384,0.13413985645055285,-1.0,-0.9999285,-0.99847009,-0.87764179,1.0
tBodyGyroJerk-iqr()-X,10299.0,-0.7375401211535771,0.30189996012632997,-1.0,-0.991402055,-0.95344761,-0.49301541000000004,1.0
tBodyGyroJerk-iqr()-Y,10299.0,-0.8087637171763083,0.2422473142073692,-1.0,-0.9931956449999999,-0.96984903,-0.659596065,1.0
tBodyGyroJerk-iqr()-Z,10299.0,-0.7663497150877512,0.27144386620710703,-1.0,-0.993175245,-0.96702841,-0.54805999,1.0
tBodyGyroJerk-entropy()-X,10299.0,-0.015190658579531025,0.5648532874574013,-1.0,-0.574637525,-0.033938128,0.543728505,1.0
tBodyGyroJerk-entropy()-Y,10299.0,0.018668943288007576,0.5443199191281723,-1.0,-0.509004365,-0.0023808781,0.55173659,1.0
tBodyGyroJerk-entropy()-Z,10299.0,-0.015112306217690061,0.5807363732623703,-1.0,-0.60549794,-0.13207763,0.572923665,1.0
"tBodyGyroJerk-arCoeff()-X,1",10299.0,-0.07247639363441498,0.25022238835996846,-1.0,-0.25044146,-0.089776658,0.0969838425,1.0
"tBodyGyroJerk-arCoeff()-X,2",10299.0,0.040918592943813746,0.18570723179261203,-1.0,-0.0774041335,0.040179384,0.15581609000000002,1.0
"tBodyGyroJerk-arCoeff()-X,3",10299.0,0.1596668729223379,0.21154149758501772,-1.0,0.0246925375,0.16501237,0.302808825,1.0
"tBodyGyroJerk-arCoeff()-X,4",10299.0,0.16473100084558057,0.2111243635922276,-1.0,0.029606701,0.17146651,0.307501455,1.0
"tBodyGyroJerk-arCoeff()-Y,1",10299.0,-0.1623644940800835,0.21435487419393964,-1.0,-0.316246315,-0.16887414,-0.0214051205,1.0
"tBodyGyroJerk-arCoeff()-Y,2",10299.0,0.20017494031797525,0.16705097916226003,-1.0,0.0968909525,0.20044091,0.300700065,1.0
"tBodyGyroJerk-arCoeff()-Y,3",10299.0,0.08352835762702543,0.19710565014392029,-1.0,-0.0427208205,0.090339795,0.216062005,1.0
"tBodyGyroJerk-arCoeff()-Y,4",10299.0,0.08024924058430083,0.24504259781874163,-1.0,-0.07910022850000001,0.082635398,0.24745094,1.0
"tBodyGyroJerk-arCoeff()-Z,1",10299.0,-0.028653693357533174,0.3432261736239001,-1.0,-0.308965905,-0.05945309,0.24831699499999998,1.0
"tBodyGyroJerk-arCoeff()-Z,2",10299.0,0.052383068816264,0.23234618362801535,-1.0,-0.108063015,0.043276051,0.211793265,1.0
"tBodyGyroJerk-arCoeff()-Z,3",10299.0,0.08880262712569248,0.2463955178868765,-1.0,-0.072846695,0.09581201,0.262851,1.0
"tBodyGyroJerk-arCoeff()-Z,4",10299.0,0.03353052375092147,0.24774163304461108,-1.0,-0.13528594,0.039631088,0.20765184,1.0
"tBodyGyroJerk-correlation()-X,Y",10299.0,0.036939291384174976,0.27662183996369943,-1.0,-0.153184185,0.034337128,0.22412239,1.0
"tBodyGyroJerk-correlation()-X,Z",10299.0,0.049272357260352194,0.2669254515409134,-1.0,-0.12234749,0.04687466,0.218671895,1.0
"tBodyGyroJerk-correlation()-Y,Z",10299.0,-0.1136252699362346,0.25952203935899965,-1.0,-0.285285,-0.11670552,0.048040062999999994,1.0
tBodyAccMag-mean(),10299.0,-0.5482216597671699,0.46709374171210744,-1.0,-0.98191531,-0.87463491,-0.12014189,1.0
tBodyAccMag-std(),10299.0,-0.591225327146546,0.42943134514322395,-1.0,-0.982181585,-0.84370796,-0.242323295,1.0
tBodyAccMag-mad(),10299.0,-0.6426552271662324,0.374670154679935,-1.0,-0.9838433950000001,-0.86229833,-0.33670477,1.0
tBodyAccMag-max(),10299.0,-0.5586326052280315,0.46123947050905645,-1.0,-0.98012844,-0.84915698,-0.17001830499999998,1.0
tBodyAccMag-min(),10299.0,-0.8378280982200408,0.19026448508262675,-1.0,-0.99254212,-0.96650951,-0.69466182,1.0
tBodyAccMag-sma(),10299.0,-0.5482216597671699,0.46709374171210744,-1.0,-0.98191531,-0.87463491,-0.12014189,1.0
tBodyAccMag-energy(),10299.0,-0.7774657664258471,0.28031931584831177,-1.0,-0.9995949749999999,-0.98879887,-0.60028437,1.0
tBodyAccMag-iqr(),10299.0,-0.7025895785462083,0.3142280616276837,-1.0,-0.984540855,-0.88178606,-0.45098926,1.0
tBodyAccMag-entropy(),10299.0,0.13281331445220604,0.6693693290350532,-1.0,-0.5456419349999999,0.16498057,0.80098088,1.0
tBodyAccMag-arCoeff()1,10299.0,-0.06953949698376868,0.2904371400899875,-1.0,-0.28582586,-0.07184872,0.138123725,1.0
tBodyAccMag-arCoeff()2,10299.0,0.024042020766227693,0.2347237679611853,-1.0,-0.148838215,0.017911181,0.186777335,1.0
tBodyAccMag-arCoeff()3,10299.0,0.05858262032552995,0.25322534213301534,-1.0,-0.11087501,0.064575836,0.23483189,1.0
tBodyAccMag-arCoeff()4,10299.0,-0.05789012543811609,0.2631163943949655,-1.0,-0.23557089,-0.053691785,0.122644265,1.0
tGravityAccMag-mean(),10299.0,-0.5482216597671699,0.46709374171210744,-1.0,-0.98191531,-0.87463491,-0.12014189,1.0
tGravityAccMag-std(),10299.0,-0.591225327146546,0.42943134514322395,-1.0,-0.982181585,-0.84370796,-0.242323295,1.0
tGravityAccMag-mad(),10299.0,-0.6426552271662324,0.374670154679935,-1.0,-0.9838433950000001,-0.86229833,-0.33670477,1.0
tGravityAccMag-max(),10299.0,-0.5586326052280315,0.46123947050905645,-1.0,-0.98012844,-0.84915698,-0.17001830499999998,1.0
tGravityAccMag-min(),10299.0,-0.8378280982200408,0.19026448508262675,-1.0,-0.99254212,-0.96650951,-0.69466182,1.0
tGravityAccMag-sma(),10299.0,-0.5482216597671699,0.46709374171210744,-1.0,-0.98191531,-0.87463491,-0.12014189,1.0
tGravityAccMag-energy(),10299.0,-0.7774657664258471,0.28031931584831177,-1.0,-0.9995949749999999,-0.98879887,-0.60028437,1.0
tGravityAccMag-iqr(),10299.0,-0.7025895785462083,0.3142280616276837,-1.0,-0.984540855,-0.88178606,-0.45098926,1.0
tGravityAccMag-entropy(),10299.0,0.13281331445220604,0.6693693290350532,-1.0,-0.5456419349999999,0.16498057,0.80098088,1.0
tGravityAccMag-arCoeff()1,10299.0,-0.06953949698376868,0.2904371400899875,-1.0,-0.28582586,-0.07184872,0.138123725,1.0
tGravityAccMag-arCoeff()2,10299.0,0.024042020766227693,0.2347237679611853,-1.0,-0.148838215,0.017911181,0.186777335,1.0
tGravityAccMag-arCoeff()3,10299.0,0.05858262032552995,0.25322534213301534,-1.0,-0.11087501,0.064575836,0.23483189,1.0
tGravityAccMag-arCoeff()4,10299.0,-0.05789012543811609,0.2631163943949655,-1.0,-0.23557089,-0.053691785,0.122644265,1.0
tBodyAccJerkMag-mean(),10299.0,-0.6494179506506922,0.3894942058669335,-1.0,-0.98955992,-0.94809484,-0.29558424,1.0
tBodyAccJerkMag-std(),10299.0,-0.6277629457853907,0.41722133114306015,-1.0,-0.9906874750000001,-0.92883947,-0.27332015,1.0
tBodyAccJerkMag-mad(),10299.0,-0.6469435329298611,0.397542367567997,-1.0,-0.99131238,-0.9383018,-0.30928108,1.0
tBodyAccJerkMag-max(),10299.0,-0.6387017600218273,0.40350009098551576,-1.0,-0.989109485,-0.92621411,-0.297832855,1.0
tBodyAccJerkMag-min(),10299.0,-0.7875914490734246,0.2557032650651461,-1.0,-0.98316721,-0.96170224,-0.61084273,1.0
tBodyAccJerkMag-sma(),10299.0,-0.6494179506506922,0.3894942058669335,-1.0,-0.98955992,-0.94809484,-0.29558424,1.0
tBodyAccJerkMag-energy(),10299.0,-0.8511433959005572,0.20578770047763698,-1.0,-0.9998108299999999,-0.99751989,-0.732346435,1.0
tBodyAccJerkMag-iqr(),10299.0,-0.6992169762751896,0.3430833383294401,-1.0,-0.991957955,-0.95472723,-0.41137592,1.0
tBodyAccJerkMag-entropy(),10299.0,-0.0616317492433916,0.7239171315296,-1.0,-0.80161684,-0.32044127,0.70273392,1.0
tBodyAccJerkMag-arCoeff()1,10299.0,0.07875874211240731,0.2436148364187211,-1.0,-0.090555705,0.093033905,0.25886516000000004,1.0
tBodyAccJerkMag-arCoeff()2,10299.0,-0.02903642858332838,0.24457866291801647,-1.0,-0.20841588500000002,-0.05594531,0.13693084500000002,1.0
tBodyAccJerkMag-arCoeff()3,10299.0,-0.09117246074288043,0.24088777992253366,-1.0,-0.25150465499999997,-0.093895365,0.0653176635,1.0
tBodyAccJerkMag-arCoeff()4,10299.0,-0.04167304635388258,0.25990023247433597,-1.0,-0.22067425000000002,-0.04614057,0.13215229,1.0
tBodyGyroMag-mean(),10299.0,-0.60524856977632,0.39970955628582305,-1.0,-0.978135745,-0.82228682,-0.24535442000000002,1.0
tBodyGyroMag-std(),10299.0,-0.6625330628983823,0.3492246017122746,-1.0,-0.9774915,-0.82588331,-0.39404253,1.0
tBodyGyroMag-mad(),10299.0,-0.6301934020786935,0.38109760456727226,-1.0,-0.9758433550000001,-0.80671187,-0.333035975,1.0
tBodyGyroMag-max(),10299.0,-0.6951723837755723,0.31898850690861674,-1.0,-0.98071173,-0.84902173,-0.45232479999999997,1.0
tBodyGyroMag-min(),10299.0,-0.7300115458955636,0.31264547431140843,-1.0,-0.988362975,-0.88099359,-0.52829415,1.0
tBodyGyroMag-sma(),10299.0,-0.60524856977632,0.39970955628582305,-1.0,-0.978135745,-0.82228682,-0.24535442000000002,1.0
tBodyGyroMag-energy(),10299.0,-0.8348368254456842,0.22087998383356774,-1.0,-0.99962364,-0.98085735,-0.703445625,1.0
tBodyGyroMag-iqr(),10299.0,-0.6536550288888048,0.35998644598727336,-1.0,-0.9787701099999999,-0.81639652,-0.37176847,1.0
tBodyGyroMag-entropy(),10299.0,0.23540195904413755,0.4818184021199671,-1.0,-0.1523773,0.28502105,0.65743931,1.0
tBodyGyroMag-arCoeff()1,10299.0,-0.024457123078556946,0.2972657701006733,-1.0,-0.22800272,-0.030271705,0.17678196000000002,1.0
tBodyGyroMag-arCoeff()2,10299.0,-0.0692356651424385,0.2668585247505699,-1.0,-0.255077065,-0.075785443,0.106387575,1.0
tBodyGyroMag-arCoeff()3,10299.0,0.10761054054760172,0.25152537330415764,-1.0,-0.056791653,0.10977704,0.27343541,1.0
tBodyGyroMag-arCoeff()4,10299.0,-0.05444897296519711,0.25083316461457517,-1.0,-0.21671299500000002,-0.052719265,0.11126623,1.0
tBodyGyroJerkMag-mean(),10299.0,-0.7621376109874163,0.27651450301899955,-1.0,-0.9923256549999999,-0.95593685,-0.549850065,1.0
tBodyGyroJerkMag-std(),10299.0,-0.7779931727969802,0.2715901909568261,-1.0,-0.992190985,-0.94030231,-0.6093384550000001,1.0
tBodyGyroJerkMag-mad(),10299.0,-0.7925889475061142,0.25070342871784607,-1.0,-0.992927525,-0.94847475,-0.62892032,1.0
tBodyGyroJerkMag-max(),10299.0,-0.7846247047199593,0.2678962846763799,-1.0,-0.99190553,-0.93960346,-0.63139371,1.0
tBodyGyroJerkMag-min(),10299.0,-0.8028633648602584,0.2477975419951288,-1.0,-0.99000869,-0.9709426,-0.6425264150000001,1.0
tBodyGyroJerkMag-sma(),10299.0,-0.7621376109874163,0.27651450301899955,-1.0,-0.9923256549999999,-0.95593685,-0.549850065,1.0
tBodyGyroJerkMag-energy(),10299.0,-0.9319093089731139,0.12102492830106693,-1.0,-0.9999363,-0.99849825,-0.90136302,1.0
tBodyGyroJerkMag-iqr(),10299.0,-0.8065334119286842,0.23134834742445998,-1.0,-0.993843985,-0.95765174,-0.644787995,1.0
tBodyGyroJerkMag-entropy(),10299.0,0.13066926188548597,0.6924355500114902,-1.0,-0.572055385,0.084031161,0.84249974,1.0
tBodyGyroJerkMag-arCoeff()1,10299.0,0.2864833444082549,0.2396286896355892,-1.0,0.14100468,0.29893149,0.45329171,1.0
tBodyGyroJerkMag-arCoeff()2,10299.0,-0.22694263968921913,0.20916977505357193,-1.0,-0.370147095,-0.23446108,-0.09745294800000001,1.0
tBodyGyroJerkMag-arCoeff()3,10299.0,-0.05748484825425245,0.22860800316750007,-1.0,-0.201023055,-0.058697171,0.09032140050000001,1.0
tBodyGyroJerkMag-arCoeff()4,10299.0,-0.10668965652165774,0.250721420188767,-1.0,-0.27936284,-0.11872555,0.051557078,1.0
fBodyAcc-mean()-X,10299.0,-0.6227616584937343,0.4207946211285057,-1.0,-0.991255955,-0.94557918,-0.26455476499999997,1.0
fBodyAcc-mean()-Y,10299.0,-0.5374932814587096,0.48168185041616185,-1.0,-0.9792183750000001,-0.86434494,-0.103228395,1.0
fBodyAcc-mean()-Z,10299.0,-0.6650335062719517,0.3588530833341948,-1.0,-0.9832268399999999,-0.89535361,-0.366240055,1.0
fBodyAcc-std()-X,10299.0,-0.6033562765558258,0.4467928190879214,-1.0,-0.992916635,-0.94157527,-0.249344685,1.0
fBodyAcc-std()-Y,10299.0,-0.5284200095762046,0.4799249863658086,-1.0,-0.9768873849999999,-0.83261287,-0.092156306,1.0
fBodyAcc-std()-Z,10299.0,-0.6178748133333954,0.39897318454462155,-1.0,-0.97797651,-0.83978721,-0.302252065,1.0
fBodyAcc-mad()-X,10299.0,-0.5907722474532553,0.457337669712656,-1.0,-0.9916492450000001,-0.94420227,-0.20258726,1.0
fBodyAcc-mad()-Y,10299.0,-0.5222011797566274,0.49656095190191524,-1.0,-0.980106865,-0.85711122,-0.0789015,1.0
fBodyAcc-mad()-Z,10299.0,-0.6323325209218914,0.3895217157353042,-1.0,-0.9809207449999999,-0.87800971,-0.30560995,1.0
fBodyAcc-max()-X,10299.0,-0.6515437660226495,0.40541928732358795,-1.0,-0.99431219,-0.94342543,-0.35157662999999995,1.0
fBodyAcc-max()-Y,10299.0,-0.6580806061923303,0.3536960033229657,-1.0,-0.97998651,-0.85802884,-0.361519915,1.0
fBodyAcc-max()-Z,10299.0,-0.6356763001164997,0.3897621846799257,-1.0,-0.97387236,-0.81596283,-0.36674125999999996,1.0
fBodyAcc-min()-X,10299.0,-0.8559930194187446,0.22707968685695806,-1.0,-0.994612575,-0.97671262,-0.79013683,1.0
fBodyAcc-min()-Y,10299.0,-0.8802255666738129,0.17974971800052306,-1.0,-0.99200381,-0.96884291,-0.8246097299999999,1.0
fBodyAcc-min()-Z,10299.0,-0.9137770102754831,0.12949274644366762,-1.0,-0.9916226699999999,-0.97446316,-0.88044213,1.0
fBodyAcc-sma(),10299.0,-0.5552291610448151,0.471733762538129,-1.0,-0.985816465,-0.89827309,-0.114677785,1.0
fBodyAcc-energy()-X,10299.0,-0.8259312638233769,0.24698041176004815,-1.0,-0.999937745,-0.99813685,-0.716953365,1.0
fBodyAcc-energy()-Y,10299.0,-0.752468625264045,0.3135787537390485,-1.0,-0.999506775,-0.98487001,-0.550663965,1.0
fBodyAcc-energy()-Z,10299.0,-0.8398577192098455,0.22648394692400797,-1.0,-0.9994406149999999,-0.98658036,-0.732248095,1.0
fBodyAcc-iqr()-X,10299.0,-0.6525688721320584,0.39904816154869444,-1.0,-0.98982437,-0.94341975,-0.32827341499999996,1.0
fBodyAcc-iqr()-Y,10299.0,-0.6499060389785574,0.391039311909653,-1.0,-0.986611175,-0.92396921,-0.31373691000000004,1.0
fBodyAcc-iqr()-Z,10299.0,-0.7467675867011554,0.2903766915293234,-1.0,-0.98284614,-0.93842689,-0.53423541,1.0
fBodyAcc-entropy()-X,10299.0,-0.2002889155793359,0.7229562857920991,-1.0,-0.94635692,-0.49800416,0.54918342,1.0
fBodyAcc-entropy()-Y,10299.0,-0.18385470764596565,0.6661762792532145,-1.0,-0.87039785,-0.36380445,0.501697375,1.0
fBodyAcc-entropy()-Z,10299.0,-0.2048462362505666,0.6110466158441676,-1.0,-0.81351333,-0.3852108,0.409652105,1.0
fBodyAcc-maxInds-X,10299.0,-0.7599391095183027,0.26543335177841787,-1.0,-1.0,-0.80645161,-0.74193548,1.0
fBodyAcc-maxInds-Y,10299.0,-0.7973136543880959,0.2426327807802142,-1.0,-1.0,-0.8,-0.73333333,1.0
fBodyAcc-maxInds-Z,10299.0,-0.8438459289966986,0.23972077428638444,-1.0,-1.0,-0.92307692,-0.76923077,1.0
fBodyAcc-meanFreq()-X,10299.0,-0.22146913682630023,0.2645857836130303,-1.0,-0.41878138,-0.23825143,-0.0204315155,1.0
fBodyAcc-meanFreq()-Y,10299.0,0.015400588735675017,0.24084604177694188,-1.0,-0.14477195999999998,0.0046658081,0.176602965,1.0
fBodyAcc-meanFreq()-Z,10299.0,0.04730986984767225,0.2837848335170257,-1.0,-0.13844984,0.060842915,0.24922413,1.0
fBodyAcc-skewness()-X,10299.0,-0.13585321799113778,0.4005804621188425,-1.0,-0.489321805,-0.1735072,0.152172615,1.0
fBodyAcc-kurtosis()-X,10299.0,-0.4650036777246665,0.4409571596115446,-1.0,-0.84467403,-0.58440201,-0.17918393999999999,1.0
fBodyAcc-skewness()-Y,10299.0,-0.26804653194176686,0.35613566873404395,-1.0,-0.5255958300000001,-0.35897003,-0.09973618549999999,1.0
fBodyAcc-kurtosis()-Y,10299.0,-0.5822270054823652,0.38535860702483093,-1.0,-0.8501260150000001,-0.72035229,-0.45244576999999997,1.0
fBodyAcc-skewness()-Z,10299.0,-0.24117103501165466,0.40141865314102665,-1.0,-0.562320285,-0.31395013,0.032565838,1.0
fBodyAcc-kurtosis()-Z,10299.0,-0.47953961978932036,0.411509518646186,-1.0,-0.807977035,-0.60420248,-0.236536935,1.0
"fBodyAcc-bandsEnergy()-1,8__303",10299.0,-0.8180360946544188,0.268049244635717,-1.0,-0.99995843,-0.99799623,-0.714170485,1.0
"fBodyAcc-bandsEnergy()-9,16__304",10299.0,-0.8875108906956113,0.17557454649045207,-1.0,-0.999945665,-0.99896641,-0.8223398500000001,1.0
"fBodyAcc-bandsEnergy()-17,24__305",10299.0,-0.8582706553331256,0.2259565931627201,-1.0,-0.99989468,-0.9982338,-0.7823281799999999,1.0
"fBodyAcc-bandsEnergy()-25,32__306",10299.0,-0.894101771797625,0.1823749435568561,-1.0,-0.999854585,-0.99813641,-0.85626694,1.0
"fBodyAcc-bandsEnergy()-33,40__307",10299.0,-0.9149789537666182,0.1417548564771164,-1.0,-0.999875295,-0.99855271,-0.877315555,1.0
"fBodyAcc-bandsEnergy()-41,48__308",10299.0,-0.9128111120663074,0.14945242481278678,-1.0,-0.99987661,-0.99853961,-0.87540127,1.0
"fBodyAcc-bandsEnergy()-49,56__309",10299.0,-0.9460351982760461,0.10235202595551152,-1.0,-0.999941415,-0.99910033,-0.9296894899999999,1.0
"fBodyAcc-bandsEnergy()-57,64__310",10299.0,-0.9558026551685213,0.11741050383833887,-1.0,-0.999988255,-0.99963735,-0.97284854,1.0
"fBodyAcc-bandsEnergy()-1,16__311",10299.0,-0.8215947856046246,0.25691819777723524,-1.0,-0.999946505,-0.99810249,-0.712517895,1.0
"fBodyAcc-bandsEnergy()-17,32__312",10299.0,-0.8467794798534568,0.23903384079341575,-1.0,-0.9998686999999999,-0.99785828,-0.76216561,1.0
"fBodyAcc-bandsEnergy()-33,48__313",10299.0,-0.9141807504423729,0.13966799551736392,-1.0,-0.99988981,-0.9985476,-0.873284975,1.0
"fBodyAcc-bandsEnergy()-49,64__314",10299.0,-0.9493090094644139,0.10375222205741871,-1.0,-0.99995542,-0.99912827,-0.94079521,1.0
"fBodyAcc-bandsEnergy()-1,24__315",10299.0,-0.824203169833818,0.24992283837019114,-1.0,-0.999941595,-0.99812391,-0.713647355,1.0
"fBodyAcc-bandsEnergy()-25,48__316",10299.0,-0.8831332723850763,0.1895474045624099,-1.0,-0.99984841,-0.99791094,-0.8300335000000001,1.0
"fBodyAcc-bandsEnergy()-1,8__317",10299.0,-0.7877632241186134,0.2741786858672705,-1.0,-0.9995075449999999,-0.98226146,-0.620157145,1.0
"fBodyAcc-bandsEnergy()-9,16__318",10299.0,-0.8473686368304069,0.2388134133009571,-1.0,-0.999839895,-0.99651346,-0.765447795,1.0
"fBodyAcc-bandsEnergy()-17,24__319",10299.0,-0.8602895724071851,0.2190659300154345,-1.0,-0.9998145350000001,-0.99722012,-0.7780978999999999,1.0
"fBodyAcc-bandsEnergy()-25,32__320",10299.0,-0.9027543732441986,0.16434103630795144,-1.0,-0.999747955,-0.99695607,-0.859010085,1.0
"fBodyAcc-bandsEnergy()-33,40__321",10299.0,-0.8973688017167492,0.17267298403391218,-1.0,-0.999631755,-0.99582841,-0.848897785,1.0
"fBodyAcc-bandsEnergy()-41,48__322",10299.0,-0.8827045957186135,0.18823792352661117,-1.0,-0.9995989949999999,-0.99476872,-0.8218453400000001,1.0
"fBodyAcc-bandsEnergy()-49,56__323",10299.0,-0.9024696203786775,0.16989607152211667,-1.0,-0.999703185,-0.99457734,-0.8649696600000001,1.0
"fBodyAcc-bandsEnergy()-57,64__324",10299.0,-0.9514626748196912,0.13103197497212044,-1.0,-0.9999354300000001,-0.99879922,-0.96831125,1.0
"fBodyAcc-bandsEnergy()-1,16__325",10299.0,-0.7588688077752909,0.308334004678804,-1.0,-0.9995128,-0.98399451,-0.566123845,1.0
"fBodyAcc-bandsEnergy()-17,32__326",10299.0,-0.8368979149307998,0.25031758541716537,-1.0,-0.999754005,-0.99642984,-0.73419254,1.0
"fBodyAcc-bandsEnergy()-33,48__327",10299.0,-0.880006008141197,0.19063074827199422,-1.0,-0.999603785,-0.99494801,-0.8155711999999999,1.0
"fBodyAcc-bandsEnergy()-49,64__328",10299.0,-0.9199779869465337,0.15173687638697148,-1.0,-0.9997822700000001,-0.99503642,-0.8971501150000001,1.0
"fBodyAcc-bandsEnergy()-1,24__329",10299.0,-0.7549929507442004,0.31096522238144864,-1.0,-0.99951466,-0.98483194,-0.556038575,1.0
"fBodyAcc-bandsEnergy()-25,48__330",10299.0,-0.8907470042782792,0.17361583609698697,-1.0,-0.99971056,-0.99610095,-0.831678425,1.0
"fBodyAcc-bandsEnergy()-1,8__331",10299.0,-0.8572337327412128,0.21574803131418827,-1.0,-0.999442635,-0.98453179,-0.7774775199999999,1.0
"fBodyAcc-bandsEnergy()-9,16__332",10299.0,-0.8993911733980291,0.17463906848191904,-1.0,-0.999704135,-0.99661442,-0.858748835,1.0
"fBodyAcc-bandsEnergy()-17,24__333",10299.0,-0.9258111815490339,0.14404687855253998,-1.0,-0.999748995,-0.99814656,-0.904639245,1.0
"fBodyAcc-bandsEnergy()-25,32__334",10299.0,-0.961894261804253,0.08033646724881725,-1.0,-0.999799765,-0.9986309,-0.9543433649999999,1.0
"fBodyAcc-bandsEnergy()-33,40__335",10299.0,-0.9638505621032138,0.07690319332643204,-1.0,-0.999744595,-0.99818938,-0.95483685,1.0
"fBodyAcc-bandsEnergy()-41,48__336",10299.0,-0.9376738727396543,0.11772078438358222,-1.0,-0.9995280900000001,-0.99648406,-0.9174359999999999,1.0
"fBodyAcc-bandsEnergy()-49,56__337",10299.0,-0.9416366533965435,0.11063740623654325,-1.0,-0.9995845299999999,-0.99559635,-0.9247776299999999,1.0
"fBodyAcc-bandsEnergy()-57,64__338",10299.0,-0.9578637019787551,0.11521681266222417,-1.0,-0.99988324,-0.99857818,-0.9729252100000001,1.0
"fBodyAcc-bandsEnergy()-1,16__339",10299.0,-0.8534606061553065,0.2122446990875903,-1.0,-0.999468155,-0.9865025,-0.762639635,1.0
"fBodyAcc-bandsEnergy()-17,32__340",10299.0,-0.9389148537170113,0.11595781426574167,-1.0,-0.99980008,-0.9983522,-0.918669965,1.0
"fBodyAcc-bandsEnergy()-33,48__341",10299.0,-0.9545218359894165,0.08961024329273073,-1.0,-0.999710375,-0.99761417,-0.9402581999999999,1.0
"fBodyAcc-bandsEnergy()-49,64__342",10299.0,-0.9460145253519758,0.10667835026470106,-1.0,-0.9996630150000001,-0.99536143,-0.93402398,1.0
"fBodyAcc-bandsEnergy()-1,24__343",10299.0,-0.8432973779655986,0.22260524269911794,-1.0,-0.99944679,-0.98659046,-0.74078037,1.0
"fBodyAcc-bandsEnergy()-25,48__344",10299.0,-0.9598083941651617,0.08047558221392646,-1.0,-0.999788495,-0.99833844,-0.9484747200000001,1.0
fBodyAccJerk-mean()-X,10299.0,-0.6567135245466054,0.3899946237398236,-1.0,-0.9912446800000001,-0.95159528,-0.32698327,1.0
fBodyAccJerk-mean()-Y,10299.0,-0.6289611799803555,0.40730010768512187,-1.0,-0.984776155,-0.92570213,-0.26384687500000004,1.0
fBodyAccJerk-mean()-Z,10299.0,-0.7436082461700534,0.29770821360945804,-1.0,-0.98728199,-0.94753336,-0.51332898,1.0
fBodyAccJerk-std()-X,10299.0,-0.6549798167058326,0.3932918077134215,-1.0,-0.9920297499999999,-0.95624097,-0.32030207,1.0
fBodyAccJerk-std()-Y,10299.0,-0.6122435902441139,0.433524948432751,-1.0,-0.986467325,-0.92803444,-0.236096955,1.0
fBodyAccJerk-std()-Z,10299.0,-0.7809284281672132,0.2595435924921861,-1.0,-0.989532085,-0.9589843,-0.59028609,1.0
fBodyAccJerk-mad()-X,10299.0,-0.5949908317657848,0.4598766811843267,-1.0,-0.9896999,-0.94533111,-0.20145672,1.0
fBodyAccJerk-mad()-Y,10299.0,-0.6240211572069172,0.4179877860545825,-1.0,-0.9863825850000001,-0.92869585,-0.25555976,1.0
fBodyAccJerk-mad()-Z,10299.0,-0.7644872603362016,0.2765958596867072,-1.0,-0.98843543,-0.95499938,-0.557450055,1.0
fBodyAccJerk-max()-X,10299.0,-0.711609033648731,0.33839151424544045,-1.0,-0.993586485,-0.96753121,-0.44472139499999996,1.0
fBodyAccJerk-max()-Y,10299.0,-0.682104723953501,0.36427271018816315,-1.0,-0.98805515,-0.94298301,-0.391847625,1.0
fBodyAccJerk-max()-Z,10299.0,-0.801159275192704,0.24323758161473955,-1.0,-0.98976072,-0.96291037,-0.6400034299999999,1.0
fBodyAccJerk-min()-X,10299.0,-0.882722042078124,0.18698600499142493,-1.0,-0.994994285,-0.98292746,-0.83039798,1.0
fBodyAccJerk-min()-Y,10299.0,-0.860233763381636,0.21351082782667624,-1.0,-0.9911164699999999,-0.97080066,-0.797671995,1.0
fBodyAccJerk-min()-Z,10299.0,-0.884441536616856,0.1785379957979409,-1.0,-0.98899255,-0.96900065,-0.845306925,1.0
fBodyAccJerk-sma(),10299.0,-0.6202500989927467,0.4211208672274543,-1.0,-0.9883790299999999,-0.93569309,-0.24446226,1.0
fBodyAccJerk-energy()-X,10299.0,-0.8501541224432275,0.21506475758863178,-1.0,-0.999902385,-0.99848889,-0.745675985,1.0
fBodyAccJerk-energy()-Y,10299.0,-0.8273385575600668,0.24294905190542662,-1.0,-0.9997439349999999,-0.99649449,-0.69260185,1.0
fBodyAccJerk-energy()-Z,10299.0,-0.9307381160170428,0.11790713568210703,-1.0,-0.999782635,-0.99829374,-0.8928961200000001,1.0
fBodyAccJerk-iqr()-X,10299.0,-0.6341207069785875,0.42205925757159796,-1.0,-0.989172005,-0.94559741,-0.29840058,1.0
fBodyAccJerk-iqr()-Y,10299.0,-0.7198935569857371,0.31225434546467573,-1.0,-0.9880517900000001,-0.94395096,-0.45434398,1.0
fBodyAccJerk-iqr()-Z,10299.0,-0.7714947432328867,0.2669644770460265,-1.0,-0.985607995,-0.95090006,-0.583898785,1.0
fBodyAccJerk-entropy()-X,10299.0,-0.26693440318186235,0.7494800519997855,-1.0,-1.0,-0.67902578,0.519561315,1.0
fBodyAccJerk-entropy()-Y,10299.0,-0.2655553519031768,0.7343073302777391,-1.0,-1.0,-0.61823559,0.508468075,1.0
fBodyAccJerk-entropy()-Z,10299.0,-0.3654225433262968,0.6387146704794623,-1.0,-1.0,-0.670573,0.28863006999999996,1.0
fBodyAccJerk-maxInds-X,10299.0,-0.4140557335663657,0.3215604088261866,-1.0,-0.68,-0.4,-0.16,1.0
fBodyAccJerk-maxInds-Y,10299.0,-0.39689290222351686,0.26538615069276955,-1.0,-0.56,-0.4,-0.24,1.0
fBodyAccJerk-maxInds-Z,10299.0,-0.324540246625886,0.29347598012387527,-1.0,-0.48,-0.32,-0.16,1.0
fBodyAccJerk-meanFreq()-X,10299.0,-0.04770629175423245,0.29554157070868275,-1.0,-0.29769711,-0.045441261,0.204465715,1.0
fBodyAccJerk-meanFreq()-Y,10299.0,-0.21339290492688334,0.27218628156871444,-1.0,-0.427950895,-0.23653033,0.008651149399999999,1.0
fBodyAccJerk-meanFreq()-Z,10299.0,-0.1238280145841475,0.2733537505553252,-1.0,-0.33139145999999997,-0.10245805,0.091239681,1.0
fBodyAccJerk-skewness()-X,10299.0,-0.31545990929540346,0.25642471650615056,-1.0,-0.504574985,-0.35249613,-0.1631746,1.0
fBodyAccJerk-kurtosis()-X,10299.0,-0.7131922627888047,0.20927617646082577,-1.0,-0.8569937599999999,-0.77327036,-0.636322335,1.0
fBodyAccJerk-skewness()-Y,10299.0,-0.3997710047615361,0.18797029259038714,-1.0,-0.5357244400000001,-0.42101904,-0.29280302,1.0
fBodyAccJerk-kurtosis()-Y,10299.0,-0.8230993701331926,0.1408640459185514,-1.0,-0.913469425,-0.85803443,-0.77663188,1.0
fBodyAccJerk-skewness()-Z,10299.0,-0.4877417855274148,0.19898249623055522,-1.0,-0.627717375,-0.51940414,-0.38357824500000004,1.0
fBodyAccJerk-kurtosis()-Z,10299.0,-0.8158812926370327,0.15004133623341573,-1.0,-0.9118254050000001,-0.85569325,-0.76838232,1.0
"fBodyAccJerk-bandsEnergy()-1,8__382",10299.0,-0.8677901660494718,0.21015972841196726,-1.0,-0.999980765,-0.99963468,-0.8053256550000001,1.0
"fBodyAccJerk-bandsEnergy()-9,16__383",10299.0,-0.8866105776307409,0.17344185011520616,-1.0,-0.99994449,-0.9990679,-0.814081265,1.0
"fBodyAccJerk-bandsEnergy()-17,24__384",10299.0,-0.8736573390119768,0.20385962536509505,-1.0,-0.9999037900000001,-0.99857771,-0.81078896,1.0
"fBodyAccJerk-bandsEnergy()-25,32__385",10299.0,-0.8975127442932616,0.17970393623946476,-1.0,-0.99985554,-0.99849034,-0.865035915,1.0
"fBodyAccJerk-bandsEnergy()-33,40__386",10299.0,-0.921781011230935,0.13204806873703775,-1.0,-0.999875555,-0.99892838,-0.888753435,1.0
"fBodyAccJerk-bandsEnergy()-41,48__387",10299.0,-0.9029805449124605,0.16386748098723974,-1.0,-0.99984388,-0.99868893,-0.8602989249999999,1.0
"fBodyAccJerk-bandsEnergy()-49,56__388",10299.0,-0.945086711251772,0.1009756703487176,-1.0,-0.9999195750000001,-0.99922885,-0.9241637149999999,1.0
"fBodyAccJerk-bandsEnergy()-57,64__389",10299.0,-0.9845489472644918,0.05358923244156198,-1.0,-0.999991525,-0.99987212,-0.9911741350000001,1.0
"fBodyAccJerk-bandsEnergy()-1,16__390",10299.0,-0.8682412762431498,0.1935104760088091,-1.0,-0.99995496,-0.99919248,-0.784947075,1.0
"fBodyAccJerk-bandsEnergy()-17,32__391",10299.0,-0.8546736573789437,0.22973731960300944,-1.0,-0.99986513,-0.9981309,-0.779918655,1.0
"fBodyAccJerk-bandsEnergy()-33,48__392",10299.0,-0.9075466656703175,0.14985537043400055,-1.0,-0.99986229,-0.99873255,-0.86216426,1.0
"fBodyAccJerk-bandsEnergy()-49,64__393",10299.0,-0.9430506075838431,0.1046115188709464,-1.0,-0.99991764,-0.99920592,-0.921146325,1.0
"fBodyAccJerk-bandsEnergy()-1,24__394",10299.0,-0.8461112637793278,0.21970865866389652,-1.0,-0.99992808,-0.99874095,-0.73664454,1.0
"fBodyAccJerk-bandsEnergy()-25,48__395",10299.0,-0.862219084822611,0.2235057551974636,-1.0,-0.999807185,-0.9979865,-0.799193535,1.0
"fBodyAccJerk-bandsEnergy()-1,8__396",10299.0,-0.8345764796303233,0.2356332710984749,-1.0,-0.999826675,-0.99528619,-0.71995571,1.0
"fBodyAccJerk-bandsEnergy()-9,16__397",10299.0,-0.8687619893664367,0.20665602910426542,-1.0,-0.999873275,-0.99781173,-0.7973183850000001,1.0
"fBodyAccJerk-bandsEnergy()-17,24__398",10299.0,-0.8364427717346343,0.25676836980550544,-1.0,-0.9997877850000001,-0.99738798,-0.7400356349999999,1.0
"fBodyAccJerk-bandsEnergy()-25,32__399",10299.0,-0.9081623177136421,0.15680277610817606,-1.0,-0.9997672950000001,-0.99793079,-0.866325705,1.0
"fBodyAccJerk-bandsEnergy()-33,40__400",10299.0,-0.9158447311721719,0.14397184556754378,-1.0,-0.999698625,-0.9979776,-0.87693672,1.0
"fBodyAccJerk-bandsEnergy()-41,48__401",10299.0,-0.8770447058345849,0.1989541537104342,-1.0,-0.99958412,-0.99681819,-0.810781075,1.0
"fBodyAccJerk-bandsEnergy()-49,56__402",10299.0,-0.9232830226546256,0.12920137717190522,-1.0,-0.99974965,-0.99794955,-0.887198995,1.0
"fBodyAccJerk-bandsEnergy()-57,64__403",10299.0,-0.9713200006321585,0.09066500151703859,-1.0,-0.999963425,-0.99955123,-0.9837675450000001,1.0
"fBodyAccJerk-bandsEnergy()-1,16__404",10299.0,-0.8420365705973749,0.2321462503423949,-1.0,-0.9998447500000001,-0.99671829,-0.743021665,1.0
"fBodyAccJerk-bandsEnergy()-17,32__405",10299.0,-0.8373604719435643,0.25029545852863744,-1.0,-0.999743805,-0.9970384,-0.7346221900000001,1.0
"fBodyAccJerk-bandsEnergy()-33,48__406",10299.0,-0.8790739461326535,0.1930812122766525,-1.0,-0.9996202000000001,-0.9969287,-0.811017925,1.0
"fBodyAccJerk-bandsEnergy()-49,64__407",10299.0,-0.9293469074798525,0.11894181987699955,-1.0,-0.999775105,-0.99805632,-0.8961134799999999,1.0
"fBodyAccJerk-bandsEnergy()-1,24__408",10299.0,-0.8130829872016594,0.26537763132335906,-1.0,-0.99978716,-0.99637553,-0.67324971,1.0
"fBodyAccJerk-bandsEnergy()-25,48__409",10299.0,-0.895721790432304,0.16543149960202638,-1.0,-0.999726665,-0.99749591,-0.8360663749999999,1.0
"fBodyAccJerk-bandsEnergy()-1,8__410",10299.0,-0.9006592708916592,0.16545979638037564,-1.0,-0.99977344,-0.99703132,-0.85651801,1.0
"fBodyAccJerk-bandsEnergy()-9,16__411",10299.0,-0.8993068588025517,0.17710721891947112,-1.0,-0.99970822,-0.99772855,-0.85938715,1.0
"fBodyAccJerk-bandsEnergy()-17,24__412",10299.0,-0.9314169297599768,0.13239874285975672,-1.0,-0.9997754249999999,-0.99869127,-0.91177032,1.0
"fBodyAccJerk-bandsEnergy()-25,32__413",10299.0,-0.9633753947375183,0.07873312753522656,-1.0,-0.999810445,-0.99908298,-0.956172775,1.0
"fBodyAccJerk-bandsEnergy()-33,40__414",10299.0,-0.9673594079291193,0.07303808008112365,-1.0,-0.9997666,-0.99893963,-0.960690945,1.0
"fBodyAccJerk-bandsEnergy()-41,48__415",10299.0,-0.9423875201747898,0.11243942802689645,-1.0,-0.999565335,-0.99798556,-0.92534725,1.0
"fBodyAccJerk-bandsEnergy()-49,56__416",10299.0,-0.9323438207329836,0.13117808434354994,-1.0,-0.99947495,-0.99754675,-0.91514379,1.0
"fBodyAccJerk-bandsEnergy()-57,64__417",10299.0,-0.9713680588335759,0.09721871061349151,-1.0,-0.999921625,-0.99935069,-0.98707275,1.0
"fBodyAccJerk-bandsEnergy()-1,16__418",10299.0,-0.8786027797915429,0.19838728691056626,-1.0,-0.99970096,-0.99679518,-0.818517355,1.0
"fBodyAccJerk-bandsEnergy()-17,32__419",10299.0,-0.9470710708006651,0.10131276952529843,-1.0,-0.9998191599999999,-0.99887521,-0.92879184,1.0
"fBodyAccJerk-bandsEnergy()-33,48__420",10299.0,-0.957632641155889,0.08652450299816376,-1.0,-0.999696465,-0.99862368,-0.945123215,1.0
"fBodyAccJerk-bandsEnergy()-49,64__421",10299.0,-0.9325247309149918,0.1305282005535823,-1.0,-0.999480005,-0.99753264,-0.9157039,1.0
"fBodyAccJerk-bandsEnergy()-1,24__422",10299.0,-0.8992168497580327,0.1678746405798235,-1.0,-0.99974904,-0.9976309,-0.8468082,1.0
"fBodyAccJerk-bandsEnergy()-25,48__423",10299.0,-0.9611448513828527,0.07934049151168909,-1.0,-0.999789645,-0.99890556,-0.95024314,1.0
fBodyGyro-mean()-X,10299.0,-0.6720943068189736,0.35149842860383046,-1.0,-0.98531089,-0.89168731,-0.38367296500000003,1.0
fBodyGyro-mean()-Y,10299.0,-0.7062166395907399,0.3356652881486015,-1.0,-0.9847239750000001,-0.91969317,-0.473482245,1.0
fBodyGyro-mean()-Z,10299.0,-0.6441927528661152,0.38201938147491227,-1.0,-0.985133285,-0.88771259,-0.322457185,1.0
fBodyGyro-std()-X,10299.0,-0.7385948165013427,0.28577304183100727,-1.0,-0.98809624,-0.90532634,-0.52245449,1.0
fBodyGyro-std()-Y,10299.0,-0.6742269345515166,0.3696646834904786,-1.0,-0.98084305,-0.9061012,-0.43850273500000003,1.0
fBodyGyro-std()-Z,10299.0,-0.6904463125011263,0.3373101543882652,-1.0,-0.986176505,-0.89150579,-0.41676661,1.0
fBodyGyro-mad()-X,10299.0,-0.6879567420071221,0.33402275315791424,-1.0,-0.986147045,-0.88969276,-0.414246295,1.0
fBodyGyro-mad()-Y,10299.0,-0.7121451270174832,0.3262885118934895,-1.0,-0.9844856200000001,-0.92036905,-0.49553002999999995,1.0
fBodyGyro-mad()-Z,10299.0,-0.6409204996839181,0.385639083243026,-1.0,-0.9849834900000001,-0.88871283,-0.31034768,1.0
fBodyGyro-max()-X,10299.0,-0.7354545602179698,0.30443355996210114,-1.0,-0.9883393650000001,-0.90722991,-0.53742796,1.0
fBodyGyro-max()-Y,10299.0,-0.7336716500333476,0.32576816773775635,-1.0,-0.9835383449999999,-0.92106894,-0.57026104,1.0
fBodyGyro-max()-Z,10299.0,-0.7642042375255947,0.27390967599132326,-1.0,-0.9886233,-0.91019423,-0.5813078549999999,1.0
fBodyGyro-min()-X,10299.0,-0.9315484572756578,0.1126754912456839,-1.0,-0.99699436,-0.98222453,-0.9062942249999999,1.0
fBodyGyro-min()-Y,10299.0,-0.9007160982142927,0.15758100463512464,-1.0,-0.99460411,-0.9746827,-0.863085645,1.0
fBodyGyro-min()-Z,10299.0,-0.9087509561592484,0.13911452190825394,-1.0,-0.9946139300000001,-0.97173967,-0.8703367399999999,1.0
fBodyGyro-sma(),10299.0,-0.6602843322460482,0.3617629005835737,-1.0,-0.9841554800000001,-0.90064216,-0.35310962999999995,1.0
fBodyGyro-energy()-X,10299.0,-0.9154465507934557,0.12954907153840356,-1.0,-0.9998931799999999,-0.99497575,-0.86520821,1.0
fBodyGyro-energy()-Y,10299.0,-0.8854342752950967,0.19127836413674396,-1.0,-0.999789155,-0.99577599,-0.845539185,1.0
fBodyGyro-energy()-Z,10299.0,-0.8696331164287116,0.19872831523259116,-1.0,-0.9998205499999999,-0.99252703,-0.77881299,1.0
fBodyGyro-iqr()-X,10299.0,-0.7073267228447043,0.335876249577311,-1.0,-0.9892582249999999,-0.9299934,-0.451141675,1.0
fBodyGyro-iqr()-Y,10299.0,-0.7537963085354326,0.3048821548546201,-1.0,-0.98995774,-0.94193862,-0.572003485,1.0
fBodyGyro-iqr()-Z,10299.0,-0.6968607363054862,0.3519865993362448,-1.0,-0.989435905,-0.93330351,-0.43795319499999996,1.0
fBodyGyro-entropy()-X,10299.0,-0.09317893042283716,0.6096278201217978,-1.0,-0.69911993,-0.16602065,0.517209405,1.0
fBodyGyro-entropy()-Y,10299.0,-0.046737074321045735,0.6098990154379944,-1.0,-0.63653315,-0.13204929,0.562940915,1.0
fBodyGyro-entropy()-Z,10299.0,-0.14912590076738041,0.602717795235957,-1.0,-0.75884565,-0.24904087,0.449536375,1.0
fBodyGyro-maxInds-X,10299.0,-0.8788555516163704,0.19308152432932782,-1.0,-1.0,-0.93333333,-0.86666667,1.0
fBodyGyro-maxInds-Y,10299.0,-0.8011520062988639,0.2891297998283503,-1.0,-1.0,-0.93548387,-0.67741935,1.0
fBodyGyro-maxInds-Z,10299.0,-0.8078621625660742,0.23372858906040517,-1.0,-1.0,-0.93103448,-0.65517241,1.0
fBodyGyro-meanFreq()-X,10299.0,-0.10104270222463115,0.25588886564829283,-1.0,-0.27189311,-0.098680774,0.068104999,1.0
fBodyGyro-meanFreq()-Y,10299.0,-0.17427757755395767,0.2733332516512141,-1.0,-0.362570275,-0.17297859,0.013663873,1.0
fBodyGyro-meanFreq()-Z,10299.0,-0.051392895320326634,0.26619279818461183,-1.0,-0.23240118999999998,-0.053693106,0.122512095,1.0
fBodyGyro-skewness()-X,10299.0,-0.17675469699074076,0.32240832776485523,-1.0,-0.41722112499999997,-0.21947416,0.030881266,1.0
fBodyGyro-kurtosis()-X,10299.0,-0.4940100054711283,0.3390318179408437,-1.0,-0.75364144,-0.58391403,-0.307226035,1.0
fBodyGyro-skewness()-Y,10299.0,-0.17847080880339916,0.347340882147722,-1.0,-0.44949353999999997,-0.24900134,0.035779228499999996,1.0
fBodyGyro-kurtosis()-Y,10299.0,-0.5330519940164852,0.3771728392567806,-1.0,-0.817312145,-0.65840404,-0.35754225,1.0
fBodyGyro-skewness()-Z,10299.0,-0.2136479804817701,0.33070591239678016,-1.0,-0.465283705,-0.27036626,-0.005612973300000001,1.0
fBodyGyro-kurtosis()-Z,10299.0,-0.5330943545573745,0.345792335805266,-1.0,-0.79687217,-0.63656413,-0.35741345,1.0
"fBodyGyro-bandsEnergy()-1,8__461",10299.0,-0.9292110842798234,0.11705016624125208,-1.0,-0.99991272,-0.99530521,-0.89703863,1.0
"fBodyGyro-bandsEnergy()-9,16__462",10299.0,-0.9075587428473562,0.1565869905328787,-1.0,-0.99993025,-0.9974523,-0.867276305,1.0
"fBodyGyro-bandsEnergy()-17,24__463",10299.0,-0.9201280616636568,0.13793469831539934,-1.0,-0.9999376449999999,-0.99826584,-0.887397035,1.0
"fBodyGyro-bandsEnergy()-25,32__464",10299.0,-0.9589040725371395,0.08327688689541127,-1.0,-0.99995062,-0.99873118,-0.94799499,1.0
"fBodyGyro-bandsEnergy()-33,40__465",10299.0,-0.9499874608639673,0.10514565487326134,-1.0,-0.99992142,-0.99801351,-0.936707325,1.0
"fBodyGyro-bandsEnergy()-41,48__466",10299.0,-0.9522193978923197,0.09178760016141485,-1.0,-0.999917225,-0.99778339,-0.9350332699999999,1.0
"fBodyGyro-bandsEnergy()-49,56__467",10299.0,-0.9640512412691523,0.0806289716305445,-1.0,-0.9999475600000001,-0.99795742,-0.958393775,1.0
"fBodyGyro-bandsEnergy()-57,64__468",10299.0,-0.975361338116856,0.07159918548159891,-1.0,-0.99998571,-0.99946754,-0.9836403300000001,1.0
"fBodyGyro-bandsEnergy()-1,16__469",10299.0,-0.9198656996598991,0.12509541505234462,-1.0,-0.99990121,-0.99506988,-0.874707155,1.0
"fBodyGyro-bandsEnergy()-17,32__470",10299.0,-0.9189901865492767,0.13834613231025408,-1.0,-0.999929205,-0.99798029,-0.8830476700000001,1.0
"fBodyGyro-bandsEnergy()-33,48__471",10299.0,-0.9458682049629574,0.1064878265922028,-1.0,-0.9999089699999999,-0.99768304,-0.9286076400000001,1.0
"fBodyGyro-bandsEnergy()-49,64__472",10299.0,-0.9690557940423343,0.07501229981936364,-1.0,-0.999962105,-0.99816415,-0.96863685,1.0
"fBodyGyro-bandsEnergy()-1,24__473",10299.0,-0.916880710048364,0.12786682646660263,-1.0,-0.9998966549999999,-0.99501518,-0.86800026,1.0
"fBodyGyro-bandsEnergy()-25,48__474",10299.0,-0.954693114347121,0.08800378077982886,-1.0,-0.999936725,-0.99836693,-0.938205715,1.0
"fBodyGyro-bandsEnergy()-1,8__475",10299.0,-0.8784650428088164,0.21826975811332325,-1.0,-0.99973276,-0.99449487,-0.84657932,1.0
"fBodyGyro-bandsEnergy()-9,16__476",10299.0,-0.9573972884794446,0.10073207108333537,-1.0,-0.999965015,-0.99896476,-0.953410725,1.0
"fBodyGyro-bandsEnergy()-17,24__477",10299.0,-0.9598145761014468,0.11232850103154791,-1.0,-0.999977035,-0.99940569,-0.964726585,1.0
"fBodyGyro-bandsEnergy()-25,32__478",10299.0,-0.9674764008340615,0.08480036837572731,-1.0,-0.999969495,-0.99941653,-0.9692216300000001,1.0
"fBodyGyro-bandsEnergy()-33,40__479",10299.0,-0.9776492943635305,0.058389179037880955,-1.0,-0.9999681650000001,-0.99943987,-0.975926565,1.0
"fBodyGyro-bandsEnergy()-41,48__480",10299.0,-0.958081731538295,0.09498131530551775,-1.0,-0.9999320300000001,-0.99877599,-0.95300043,1.0
"fBodyGyro-bandsEnergy()-49,56__481",10299.0,-0.9524070611153023,0.1114252934262457,-1.0,-0.9999246,-0.99828702,-0.948825395,1.0
"fBodyGyro-bandsEnergy()-57,64__482",10299.0,-0.9760851345786192,0.0762033360207664,-1.0,-0.99997767,-0.99949647,-0.98663773,1.0
"fBodyGyro-bandsEnergy()-1,16__483",10299.0,-0.890460317703709,0.18550585449434873,-1.0,-0.999779675,-0.99548555,-0.85382097,1.0
"fBodyGyro-bandsEnergy()-17,32__484",10299.0,-0.9525597665948927,0.12421762246323974,-1.0,-0.9999685,-0.99923842,-0.9547078,1.0
"fBodyGyro-bandsEnergy()-33,48__485",10299.0,-0.9734026655605399,0.06470716671082925,-1.0,-0.999960205,-0.99930964,-0.97027815,1.0
"fBodyGyro-bandsEnergy()-49,64__486",10299.0,-0.9561902883055153,0.10509439937959551,-1.0,-0.99993188,-0.99818144,-0.955353255,1.0
"fBodyGyro-bandsEnergy()-1,24__487",10299.0,-0.8789938830456355,0.20249642993044056,-1.0,-0.99978004,-0.99544762,-0.836911435,1.0
"fBodyGyro-bandsEnergy()-25,48__488",10299.0,-0.9668133760080591,0.08288935076460224,-1.0,-0.999963115,-0.99930187,-0.965665255,1.0
"fBodyGyro-bandsEnergy()-1,8__489",10299.0,-0.899208173289766,0.16989642715144349,-1.0,-0.99984981,-0.99322348,-0.8407018799999999,1.0
"fBodyGyro-bandsEnergy()-9,16__490",10299.0,-0.9328634480722497,0.1325838318019707,-1.0,-0.999942145,-0.99830222,-0.91410401,1.0
"fBodyGyro-bandsEnergy()-17,24__491",10299.0,-0.9318699429466648,0.13587453659434656,-1.0,-0.99993871,-0.99874055,-0.9123145349999999,1.0
"fBodyGyro-bandsEnergy()-25,32__492",10299.0,-0.965562917247791,0.07592935255402365,-1.0,-0.999951865,-0.99905897,-0.960238495,1.0
"fBodyGyro-bandsEnergy()-33,40__493",10299.0,-0.9711096597106514,0.06600963629874725,-1.0,-0.999935365,-0.99874608,-0.9661096950000001,1.0
"fBodyGyro-bandsEnergy()-41,48__494",10299.0,-0.9604893669729974,0.07983839524099749,-1.0,-0.999888305,-0.99766455,-0.949795555,1.0
"fBodyGyro-bandsEnergy()-49,56__495",10299.0,-0.9513143583195165,0.10451701979819177,-1.0,-0.99987034,-0.99574321,-0.9459316099999999,1.0
"fBodyGyro-bandsEnergy()-57,64__496",10299.0,-0.9693968885621906,0.09189260593604248,-1.0,-0.9999694800000001,-0.9989763,-0.98127666,1.0
"fBodyGyro-bandsEnergy()-1,16__497",10299.0,-0.8816202221225052,0.18720847130293727,-1.0,-0.9998328400000001,-0.99277667,-0.804627465,1.0
"fBodyGyro-bandsEnergy()-17,32__498",10299.0,-0.9183645898395341,0.15775725971250215,-1.0,-0.99992011,-0.99829235,-0.89204589,1.0
"fBodyGyro-bandsEnergy()-33,48__499",10299.0,-0.9681506639247499,0.06801383595000292,-1.0,-0.9999280500000001,-0.99843672,-0.9607216949999999,1.0
"fBodyGyro-bandsEnergy()-49,64__500",10299.0,-0.9591762424687541,0.09595275314850707,-1.0,-0.99990947,-0.99611206,-0.9584537799999999,1.0
"fBodyGyro-bandsEnergy()-1,24__501",10299.0,-0.8730243443739004,0.195166585668695,-1.0,-0.9998271700000001,-0.99266939,-0.78490554,1.0
"fBodyGyro-bandsEnergy()-25,48__502",10299.0,-0.9663677040401982,0.07139960327170271,-1.0,-0.999946265,-0.99882348,-0.95918084,1.0
fBodyAccMag-mean(),10299.0,-0.5859626962685386,0.4453265687481377,-1.0,-0.984737435,-0.8755028,-0.21731156,1.0
fBodyAccMag-std(),10299.0,-0.6595312166554763,0.35542882260427167,-1.0,-0.98288442,-0.85472798,-0.38232853,1.0
fBodyAccMag-mad(),10299.0,-0.5961197137354262,0.4291613832037307,-1.0,-0.981477865,-0.85491951,-0.25297322,1.0
fBodyAccMag-max(),10299.0,-0.7565056459074329,0.25790711095222235,-1.0,-0.9862700600000001,-0.87715925,-0.571370835,1.0
fBodyAccMag-min(),10299.0,-0.890588103055316,0.16081383342675284,-1.0,-0.991601875,-0.96924954,-0.8387965749999999,1.0
fBodyAccMag-sma(),10299.0,-0.5859626962685386,0.4453265687481377,-1.0,-0.984737435,-0.8755028,-0.21731156,1.0
fBodyAccMag-energy(),10299.0,-0.8218673759045869,0.24676395435219803,-1.0,-0.99966105,-0.98631745,-0.70816864,1.0
fBodyAccMag-iqr(),10299.0,-0.6949159061661689,0.34447356965773684,-1.0,-0.98775035,-0.93072158,-0.432348855,1.0
fBodyAccMag-entropy(),10299.0,-0.190127927670803,0.6782038228261801,-1.0,-0.8734817,-0.35479659,0.490606215,1.0
fBodyAccMag-maxInds,10299.0,-0.7525772501821536,0.26274180440616846,-1.0,-1.0,-0.79310345,-0.51724138,1.0
fBodyAccMag-meanFreq(),10299.0,0.07687601126319565,0.262958087372081,-1.0,-0.0966299635,0.0702558,0.24495376,1.0
fBodyAccMag-skewness(),10299.0,-0.35242910941376854,0.32206800942053604,-1.0,-0.5752476200000001,-0.42284814,-0.20412977,1.0
fBodyAccMag-kurtosis(),10299.0,-0.6321290270886494,0.3195305156174042,-1.0,-0.844025935,-0.73447899,-0.535868385,1.0
fBodyBodyAccJerkMag-mean(),10299.0,-0.6207899163315924,0.42506405847546525,-1.0,-0.989783585,-0.92898699,-0.25997022000000003,1.0
fBodyBodyAccJerkMag-std(),10299.0,-0.6400768031443509,0.40602201976509517,-1.0,-0.990664305,-0.92553151,-0.308152375,1.0
fBodyBodyAccJerkMag-mad(),10299.0,-0.6142932559368736,0.43119457909287257,-1.0,-0.988154055,-0.92332994,-0.25150146500000004,1.0
fBodyBodyAccJerkMag-max(),10299.0,-0.6826957342406312,0.36969416036165414,-1.0,-0.992487815,-0.93544393,-0.40425410500000003,1.0
fBodyBodyAccJerkMag-min(),10299.0,-0.8033083866040568,0.2698879044843274,-1.0,-0.986823775,-0.95967967,-0.67859912,1.0
fBodyBodyAccJerkMag-sma(),10299.0,-0.6207899163315924,0.42506405847546525,-1.0,-0.989783585,-0.92898699,-0.25997022000000003,1.0
fBodyBodyAccJerkMag-energy(),10299.0,-0.8409964824904844,0.2279999483723423,-1.0,-0.99985089,-0.99668349,-0.73049127,1.0
fBodyBodyAccJerkMag-iqr(),10299.0,-0.6766290009738684,0.365550207428341,-1.0,-0.9885456800000001,-0.94221668,-0.37169722,1.0
fBodyBodyAccJerkMag-entropy(),10299.0,-0.3384693459003106,0.6668571999779941,-1.0,-1.0,-0.68210532,0.34618392,1.0
fBodyBodyAccJerkMag-maxInds,10299.0,-0.8777998157644431,0.1896549571592514,-1.0,-0.96825397,-0.9047619,-0.87301587,1.0
fBodyBodyAccJerkMag-meanFreq(),10299.0,0.17321974270072338,0.2525369804652256,-1.0,-0.0029593156,0.16417982,0.357306605,1.0
fBodyBodyAccJerkMag-skewness(),10299.0,-0.2985977980274379,0.3647234271367425,-1.0,-0.60143942,-0.34752168,-0.057689553,1.0
fBodyBodyAccJerkMag-kurtosis(),10299.0,-0.6016590341244111,0.3539281048375123,-1.0,-0.878842355,-0.7137179,-0.425812655,1.0
fBodyBodyGyroMag-mean(),10299.0,-0.6974110697299368,0.32370124744716516,-1.0,-0.982501535,-0.87562004,-0.45139979500000005,1.0
fBodyBodyGyroMag-std(),10299.0,-0.6999763722776434,0.31044311026147875,-1.0,-0.97815001,-0.82748975,-0.471266725,1.0
fBodyBodyGyroMag-mad(),10299.0,-0.6810136640761588,0.3312223751439022,-1.0,-0.978667815,-0.84562619,-0.41853167,1.0
fBodyBodyGyroMag-max(),10299.0,-0.7346234859513748,0.28110701338821453,-1.0,-0.97964797,-0.82723425,-0.55597378,1.0
fBodyBodyGyroMag-min(),10299.0,-0.8887012776212738,0.16358679081471447,-1.0,-0.9938152149999999,-0.95915086,-0.83987508,1.0
fBodyBodyGyroMag-sma(),10299.0,-0.6974110697299368,0.32370124744716516,-1.0,-0.982501535,-0.87562004,-0.45139979500000005,1.0
fBodyBodyGyroMag-energy(),10299.0,-0.8813012121267212,0.1804315264511151,-1.0,-0.999668205,-0.98428289,-0.8149173700000001,1.0
fBodyBodyGyroMag-iqr(),10299.0,-0.7221249677674663,0.3105623949090984,-1.0,-0.985373335,-0.912569,-0.49532808,1.0
fBodyBodyGyroMag-entropy(),10299.0,-0.07627868495051268,0.6029295066526077,-1.0,-0.66500131,-0.15502188,0.5139088350000001,1.0
fBodyBodyGyroMag-maxInds,10299.0,-0.886999236088164,0.1599813103696568,-1.0,-1.0,-0.94871795,-0.84615385,1.0
fBodyBodyGyroMag-meanFreq(),10299.0,-0.04156362277717869,0.2801417879841829,-1.0,-0.23435586,-0.052095469,0.15157546500000002,1.0
fBodyBodyGyroMag-skewness(),10299.0,-0.26427902909780004,0.3225793178649763,-1.0,-0.499586475,-0.31770611,-0.0849741735,1.0
fBodyBodyGyroMag-kurtosis(),10299.0,-0.5758663164433542,0.3200059629239959,-1.0,-0.80765826,-0.66493673,-0.43927978,1.0
fBodyBodyGyroJerkMag-mean(),10299.0,-0.7797676330835276,0.26759164669667485,-1.0,-0.9921084,-0.94534436,-0.61224246,1.0
fBodyBodyGyroJerkMag-std(),10299.0,-0.7921902092748839,0.2591600594703901,-1.0,-0.992574895,-0.93821243,-0.6437379599999999,1.0
fBodyBodyGyroJerkMag-mad(),10299.0,-0.7734036577965346,0.2797273161574458,-1.0,-0.9916747800000001,-0.93510056,-0.6098458250000001,1.0
fBodyBodyGyroJerkMag-max(),10299.0,-0.8099343718038159,0.24269744578188482,-1.0,-0.99354577,-0.94340155,-0.6848861799999999,1.0
fBodyBodyGyroJerkMag-min(),10299.0,-0.8712012132090979,0.18962657868608676,-1.0,-0.99365704,-0.97265095,-0.8057582050000001,1.0
fBodyBodyGyroJerkMag-sma(),10299.0,-0.7797676330835276,0.26759164669667485,-1.0,-0.9921084,-0.94534436,-0.61224246,1.0
fBodyBodyGyroJerkMag-energy(),10299.0,-0.937898377778435,0.12828428984407564,-1.0,-0.999945875,-0.99804254,-0.92268175,1.0
fBodyBodyGyroJerkMag-iqr(),10299.0,-0.7727146317958453,0.2784031670010241,-1.0,-0.9911643800000001,-0.94188796,-0.60472964,1.0
fBodyBodyGyroJerkMag-entropy(),10299.0,-0.2743387562278997,0.6242721705568963,-1.0,-0.92345186,-0.41450333,0.337219685,1.0
fBodyBodyGyroJerkMag-maxInds,10299.0,-0.9000334434055736,0.13969102976089356,-1.0,-0.96825397,-0.9047619,-0.87301587,1.0
fBodyBodyGyroJerkMag-meanFreq(),10299.0,0.12670782049779114,0.24544302744110666,-1.0,-0.019480753,0.1362451,0.28895989499999997,1.0
fBodyBodyGyroJerkMag-skewness(),10299.0,-0.298591856415743,0.32019871288822865,-1.0,-0.5361743999999999,-0.33515971,-0.11316741999999999,1.0
fBodyBodyGyroJerkMag-kurtosis(),10299.0,-0.6177000640909933,0.3087955149274292,-1.0,-0.841847485,-0.70340211,-0.487980915,1.0
"angle(tBodyAccMean,gravity)",10299.0,0.007705137303666375,0.33659104617927754,-1.0,-0.12469385,0.0081455525,0.149005435,1.0
"angle(tBodyAccJerkMean),gravityMean)",10299.0,0.0026477096396339455,0.4473637560273704,-1.0,-0.28703059,0.0076675905,0.291490315,1.0
"angle(tBodyGyroMean,gravityMean)",10299.0,0.017683130195870766,0.6161884983317376,-1.0,-0.49310814000000003,0.017192285,0.5361367699999999,1.0
"angle(tBodyGyroJerkMean,gravityMean)",10299.0,-0.009219128997022624,0.48476983995559014,-1.0,-0.3890409,-0.0071862295,0.36599592999999997,1.0
"angle(X,gravityMean)",10299.0,-0.4965221661857461,0.5111577502233212,-1.0,-0.81728773,-0.71563139,-0.521503175,1.0
"angle(Y,gravityMean)",10299.0,0.06325517384950577,0.30546796406155813,-1.0,0.0021509709,0.18202847,0.25079026,1.0
"angle(Z,gravityMean)",10299.0,-0.054284282150530536,0.26889816410019024,-1.0,-0.13187994,-0.0038816352,0.102970075,1.0
